key,name
"100-pure","100% Pure"
"3lab","3LAB"
"8greens","8Greens"
acqua-di-parma,Acqua Di Parma
aerin,AERIN
aether-beauty,Aether Beauty
algenist,Algenist
alima,Alima
alison-raffaele,Alison Raffaele
almay,Almay
alpha-h,Alpha-H
alpyn-beauty,alpyn beauty
alterna,Alterna
alterna-haircare,ALTERNA Haircare
amazing-cosmetics,Amazing Cosmetics
american-beauty,American Beauty
amika,amika
amorepacific,AMOREPACIFIC
anastasia,Anastasia
anastasia-beverly-hills,Anastasia Beverly Hills
anna-sui,Anna Sui
anthony,Anthony
antonym,Antonym
aquaphor,Aquaphor
aquis,Aquis
arbonne,Arbonne
ardency-inn,Ardency Inn
armani-beauty,Armani Beauty
aromaleigh,Aromaleigh
artdeco,ARTDECO
artis,Artis
artist-couture,Artist Couture
astor,Astor
atelier-cologne,Atelier Cologne
aubrey-elizabeth-apothecary,Aubrey Elizabeth Apothecary
aussie,Aussie
australis,Australis
aveda,Aveda
aveeno,Aveeno
avene,Avene
avon,Avon
balenciaga,BALENCIAGA
bare-escentuals,Bare Escentuals
bareminerals,bareMinerals
barielle,Barielle
barry-m,Barry M
bath-and-body-works,Bath and Body Works
batiste,Batiste
bb-couture-for-nails,BB Couture For Nails
beachwaver,Beachwaver
beautisol,Beautisol
beautybio,BeautyBio
beautyblender,beautyblender
becca,Becca
belif,belif
benefit,Benefit
benefit-cosmetics,Benefit Cosmetics
berdoues,BERDOUES
besame,Besame
better-not-younger,Better Not Younger
bh-cosmetics,BH Cosmetics
bio-ionic,Bio Ionic
bioderma,Bioderma
bionike,Bionike
biossance,Biossance
bite-beauty,Bite Beauty
bkr,bkr
black-opal,Black Opal
black-radiance,Black Radiance
black-up,Black Up
blackbird-cosmetics,Blackbird Cosmetics
blinc,Blinc
blistex,Blistex
bobbi-brown,Bobbi Brown
bonne-bell,Bonne Bell
boots-no7,Boots No7
boscia,Boscia
bourjois,Bourjois
briogeo,Briogeo
bumble-and-bumble,Bumble and bumble
burberry,Burberry
burts-bees,Burt's Bees
butter-london,Butter London
buxom,Buxom
bvlgari,BVLGARI
by-rosie-jane,By Rosie Jane
by-terry,By Terry
bys,BYS
bésame-cosmetics,Bésame Cosmetics
calvin-klein,Calvin Klein
capri-blue,Capri Blue
cargo,CARGO
carmex,Carmex
carolina-herrera,Carolina Herrera
catrice,Catrice
caudalie,Caudalie
cellu-cup,Cellu-cup
cerave,CeraVe
cetaphil,Cetaphil
chanel,Chanel
chantecaille,Chantecaille
chapstick,ChapStick
charlotte-ronson,Charlotte Ronson
charlotte-tilbury,Charlotte Tilbury
chi-chi,Chi Chi
chikuhodo,Chikuhodo
china-glaze,China Glaze
chloé,Chloé
christian-louboutin,Christian Louboutin
christian-louboutin-beaute,Christian Louboutin Beaute
christophe-robin,Christophe Robin
ciate,Ciate
ciaté-london,Ciaté London
cinema-secrets,Cinema Secrets
city-color,City Color
ck-one,ck one
clarins,Clarins
clarisonic-skincare,Clarisonic Skincare
cle-de-peau,Cle de Peau
clean-reserve,CLEAN RESERVE
clinique,CLINIQUE
cnd,CND
co-bigelow,C.O. Bigelow
coal-and-canary,Coal and Canary
coastal-scents,Coastal Scents
cocofloss,Cocofloss
color-club,Color Club
colorbar,Colorbar
colour-pop,Colour Pop
coloured-raine,Coloured Raine
commodity,Commodity
comptoir-sud-pacifique,Comptoir Sud Pacifique
conair,Conair
conture,Conture
coola,COOLA
coty,Coty
cover-fx,COVER FX
coverblend,CoverBlend
coverderm,CoverDerm
covergirl,CoverGirl
crabtree-and-evelyn,Crabtree and Evelyn
crushed-tonic,Crushed Tonic
cult-nails,Cult Nails
dae,dae
deborah-lippmann,Deborah Lippmann
derek-lam-10-crosby,DEREK LAM 10 CROSBY
dermablend,Dermablend
dermadoctor,Dermadoctor
dermaflash,DERMAFLASH
dermalogica,Dermalogica
devacurl,DevaCurl
dianne-brill,Dianne Brill
dior,Dior
disney-by-sephora,Disney by Sephora
divergent,Divergent
dlmd,DL.MD
dolce-and-gabbana,Dolce and Gabbana
dolcegabbana,DOLCE&GABBANA
dolly-wink,Dolly Wink
dominique-cosmetics,DOMINIQUE COSMETICS
donna-karan,Donna Karan
dose-of-colors,Dose of Colors
dphue,dpHUE
dr-barbara-sturm,Dr. Barbara Sturm
dr-brandt-skincare,Dr. Brandt Skincare
dr-dennis-gross,Dr. Dennis Gross
dr-dennis-gross-skincare,Dr. Dennis Gross Skincare
dr-hauschka,Dr. Hauschka
dr-jart-,Dr. Jart+
dr-roebucks,Dr Roebuck's
drunk-elephant,Drunk Elephant
drybar,Drybar
duo,DUO
dyson,dyson
earths-nectar,Earth’s Nectar
ecotools,EcoTools
edible-beauty,Edible Beauty
edward-bess,Edward Bess
eight-bob,Eight & Bob
eisenberg,Eisenberg
el-f-,e.l.f.
elcie,Elcie
elizabeth-and-james,Elizabeth and James
elizabeth-arden,Elizabeth Arden
ellis-brooklyn,ELLIS BROOKLYN
ellis-faas,Ellis Faas
eos,eos
erborian,Erborian
erno-laszlo,Erno Laszlo
espoir,Espoir
essence,Essence
essie,Essie
estee-lauder,Estee Lauder
estée-lauder,Estée Lauder
etat-libre-dorange,Etat Libre d'Orange
ettusais,Ettusais
etude-house,Etude House
eucerin,Eucerin
eve-lom,Eve Lom
eve-pearl,Eve Pearl
everyday-minerals,Everyday Minerals
evian,Evian
ex1-cosmetics,EX1 Cosmetics
exuviance,Exuviance
eyeko,Eyeko
fable-mane,Fable & Mane
face-atelier,Face Atelier
face-stockholm,Face Stockholm
farmacy,Farmacy
farsáli,FARSÁLI
fashion-fair,Fashion Fair
fenty-beauty-by-rihanna,FENTY BEAUTY by Rihanna
fiona-stiles,Fiona Stiles
first-aid-beauty,First Aid Beauty
flora-bast,Flora + Bast
floral-street,Floral Street
flormar,Flormar
flower-beauty,Flower Beauty
foreo,FOREO
form,FORM
formula-x,Formula X
four-sigmatic,Four Sigmatic
fresh,Fresh
fusion-beauty,Fusion Beauty
fyrinnae,Fyrinnae
garnier,Garnier
geek-chic,Geek Chic
ghd,GHD
giorgio-armani,Giorgio Armani
girlactik,Girlactik
givenchy,Givenchy
glamglow,GLAMGLOW
glamour-doll-eyes,Glamour Doll Eyes
glo-science,GLO Science
glominerals,gloMinerals
glossier,Glossier
glow-recipe,Glow Recipe
golde,Golde
good-dye-young,Good Dye Young
google,Google
goop,goop
gorgeous-cosmetics,Gorgeous Cosmetics
gosh,Gosh
graftobian,Graftobian
grande-cosmetics,Grande Cosmetics
gressa-skin,Gressa Skin
gucci,Gucci
gucci-beauty,Gucci Beauty
guerlain,Guerlain
hakuhodo,Hakuhodo
hard-candy,Hard Candy
hare-polish,Hare Polish
haus-of-gloi,Haus of Gloi
helena-rubinstein,Helena Rubinstein
hello-kitty,Hello Kitty
herbivore,Herbivore
hermès,HERMÈS
high-beauty,High Beauty
hm,H&M
honest-beauty,Honest Beauty
honeybee-gardens,Honeybee Gardens
hot-tools,Hot Tools
hourglass,Hourglass
huda-beauty,HUDA BEAUTY
hum-nutrition,HUM Nutrition
hydroxatone,Hydroxatone
igk,IGK
ilia,Ilia
illamasqua,Illamasqua
illuminare,Illuminare
iman,IMAN
impala-cosmetics,Impala Cosmetics
impress,Impress
incredible,INC.redible
indie-lee,Indie Lee
inglot,Inglot
inm,INM
innisfree,innisfree
invisibobble,invisibobble
iope,IOPE
isadora,IsaDora
isle-of-paradise,Isle of Paradise
it-cosmetics,IT Cosmetics
j-cat-beauty,J. Cat Beauty
jack-black,Jack Black
jane,Jane
jane-iredale,Jane Iredale
japonesque,Japonesque
jeffree-star,Jeffree Star
jemma-kidd,Jemma Kidd
jessies-girl,Jessie's Girl
jillian-dempsey,Jillian Dempsey
jimmy-choo,JIMMY CHOO
jo-malone,Jo Malone
jo-malone-london,Jo Malone London
john-varvatos,John Varvatos
jordana,Jordana
josie-maran,Josie Maran
jouer,Jouer
jouer-cosmetics,Jouer Cosmetics
juice-beauty,Juice Beauty
juicy-couture,Juicy Couture
juliette-has-a-gun,Juliette Has a Gun
kaja,Kaja
kanebo-sensai,Kanebo Sensai
kat-von-d,Kat Von D
kate-somerville,Kate Somerville
kate-spade-new-york,kate spade new york
kbshimmer,KBShimmer
kenzo,Kenzo
kenzoki,KENZOKI
kerastase,Kerastase
kevyn-aucoin,Kevyn Aucoin
kevyn-aucoin-beauty,Kevyn Aucoin Beauty
kiehls,Kiehl's
kiehls-since-1851,Kiehl's Since 1851
kiko,KIKO
kilian,Kilian
kitsch,Kitsch
kjaer-weis,Kjaer Weis
klorane,Klorane
knc-beauty,KNC Beauty
koh-gen-do,Koh Gen Do
kopari,Kopari
kora-organics,KORA Organics
korres,Korres
kosas,Kosas
kvd-vegan-beauty,KVD Vegan Beauty
kylie-cosmetics,Kylie Cosmetics
kérastase,Kérastase
la-bella-donna,La Bella Donna
la-mer,La Mer
la-prairie,La Prairie
la-roche-posay,La Roche-Posay
lab-series-for-men,Lab Series For Men
lancer-skincare,LANCER Skincare
lancome,Lancome
lancôme,Lancôme
laneige,LANEIGE
lashfood,LASHFOOD
lasplash,LASplash
lather,LATHER
laura-geller,Laura Geller
laura-mercier,Laura Mercier
lauress,LaurEss
lavanila,LAVANILA
lavera,Lavera
lawless,LAWLESS
le-metier-de-beaute,Le Metier de Beaute
lightstim,LightStim
lilah-b,lilah b.
lilalli,Lila'lli
lilly-lashes,Lilly Lashes
lily-lolo,Lily Lolo
lime-crime,Lime Crime
lipstick-queen,Lipstick Queen
lirene,Lirene
lise-watier,Lise Watier
lit-cosmetics,Lit Cosmetics
living-nature,Living Nature
living-proof,Living Proof
loccitane,L'Occitane
looxi-beauty,Looxi Beauty
lorac,LORAC
lord-berry,Lord & Berry
lord-jones,Lord Jones
loreal,L'Oreal
louise-young,Louise Young
lubiderm,Lubiderm
lubriderm,Lubriderm
lucy-minerals,Lucy Minerals
lululemon-selfcare,lululemon selfcare
lumene,Lumene
lunar-beauty,Lunar Beauty
lush,LUSH
lxmi,LXMI
mac,MAC
macadamia,Macadamia
madam-cj-walker-beauty-culture,Madam C.J. Walker Beauty Culture
maelys-cosmetics,MAELYS Cosmetics
maison-louis-marie,Maison Louis Marie
maison-margiela,Maison Margiela
make-up-for-ever,MAKE UP FOR EVER
makeup-atelier,Makeup Atelier
makeup-eraser,Makeup Eraser
makeup-geek,Makeup Geek
makeup-revolution,Makeup Revolution
manhattan,Manhattan
marc-jacobs-beauty,Marc Jacobs Beauty
marc-jacobs-fragrances,Marc Jacobs Fragrances
mario-badescu,Mario Badescu
mark,mark
marvis,Marvis
mary-kay,Mary Kay
max-factor,MAX FACTOR
maybelline,Maybelline
md-formulations,md formulations
mdsolarsciences,MDSolarSciences
me-bath,ME! Bath
mellow-cosmetics,Mellow Cosmetics
melt-cosmetics,Melt Cosmetics
mememe,MeMeMe
meow-cosmetics,Meow Cosmetics
merle-norman,Merle Norman
mica-beauty,Mica Beauty
michael-kors,Michael Kors
miessence,Miessence
milani,Milani
milk-makeup,Milk Makeup
mineralissima,Mineralissima
mirabella,Mirabella
misa,Misa
miss-sporty,Miss Sporty
missha,Missha
miu-miu,Miu Miu
mizani,Mizani
montblanc,Montblanc
moon-juice,Moon Juice
moroccanoil,Moroccanoil
moschino,Moschino
mount-lai,Mount Lai
mugler,Mugler
murad,Murad
nail-tek,Nail Tek
nails-inc,NAILS INC.
nanoce,Nanoce
napoleon-perdis,Napoleon Perdis
narciso-rodriguez,Narciso Rodriguez
nars,NARS
natasha-denona,Natasha Denona
naturally-serious,Naturally Serious
nest-new-york,NEST New York
neutrogena,Neutrogena
nicole-by-opi,Nicole by OPI
nivea,Nivea
no-7,No. 7
no-8,No. 8
nuance,Nuance
nubar,Nubar
nudestix,NUDESTIX
nuface,NuFACE
numeric-proof,Numeric Proof
nurse-jamie,Nurse Jamie
nuxe,NUXE
nyc-cosmetics,NYC Cosmetics
nyx,NYX
obagi-clinical,Obagi Clinical
obsessive-compulsive-cosmetics,Obsessive Compulsive Cosmetics
ofra,OFRA
olaplex,Olaplex
olay,Olay
ole-henriksen,Ole Henriksen
olehenriksen,OLEHENRIKSEN
om,O&M
omorovicza,Omorovicza
opi,OPI
organix,Organix
oribe,Oribe
origins,Origins
orly,ORLY
ouai,OUAI
overose,Overose
pacifica,Pacifica
paco-rabanne,Paco Rabanne
palladio,Palladio
palmers,Palmers
pat-mcgrath-labs,PAT McGRATH LABS
patrick-ta,PATRICK TA
paul-and-joe-beaute,Paul and Joe Beaute
paula-dorf,Paula Dorf
paulas-choice,Paula's Choice
pcapothecary,PCApothecary
peace-out,Peace Out
per-fekt,Per-fekt
perfekt,Perfekt
perricone-md,Perricone MD
peter-thomas-roth,Peter Thomas Roth
philosophy,philosophy
phlur,PHLUR
physicians-formula,Physicians Formula
pink-sugar,Pink Sugar
pinrose,PINROSE
pixi-beauty,PIXI Beauty
pixie-cosmetics,Pixie Cosmetics
play-by-sephora,PLAY! by SEPHORA
playa,Playa
pmd,PMD
ponds,Pond's
pop-beauty,POP Beauty
poshe,Poshe
prada,Prada
prescriptives,Prescriptives
prestige,Prestige
pretty-vulgar,Pretty Vulgar
prima,Prima
primera,Primera
proactiv,Proactiv
pur-minerals,Pur Minerals
pure-luxe,Pure Luxe
pureology,Pureology
qhemet-biologics,Qhemet Biologics
queen-helene,Queen Helene
rag-bone,rag & bone
rahua,Rahua
ralph-lauren,Ralph Lauren
rcma,RCMA
real-techniques,Real Techniques
redken,Redken
refa,ReFa
remington,Remington
ren,REN
ren-clean-skincare,REN Clean Skincare
renee-rouleau,Renee Rouleau
rescue-beauty-lounge,Rescue Beauty Lounge
reverie,Reverie
revive,Revive
revlon,Revlon
rimmel-london,Rimmel London
rita-hazan,Rita Hazan
rmk,RMK
rms-beauty,rms beauty
rock-and-republic,Rock and Republic
rodin-olio-lusso,RODIN olio lusso
roen-beauty,ROEN BEAUTY
rosebud-perfume-co,Rosebud Perfume Co.
rossano-ferretti-parma,Rossano Ferretti Parma
rouge-bunny-rouge,Rouge Bunny Rouge
sachajuan,Sachajuan
saint-jane-beauty,Saint Jane Beauty
sakara-life,Sakara Life
sally-beauty,Sally Beauty
sally-hansen,Sally Hansen
sante,Sante
sarah-mcnamara,Sarah McNamara
saturday-skin,Saturday Skin
seche,Seche
seed-phytonutrients,Seed Phytonutrients
sensai,Sensai
sephora,Sephora
sephora-by-opi,Sephora by OPI
sephora-collection,SEPHORA COLLECTION
sephora-favorites,Sephora Favorites
sephora-pantone-universe,Sephora + Pantone Universe
seraphine-botanicals,Seraphine Botanicals
shani-darden-skin-care,Shani Darden Skin Care
shaveworks,Shaveworks
shea-moisture,Shea Moisture
shhhowercap,SHHHOWERCAP
shiro-cosmetics,Shiro Cosmetics
shiseido,Shiseido
shu-uemura,shu uemura
sigma-makeup,Sigma Makeup
silk-naturals,Silk Naturals
simplehuman,simplehuman
sinful-colors,Sinful Colors
sisley,Sisley
sisley-paris,Sisley Paris
sk-ii,SK-II
skin-inc-supplement-bar,Skin Inc Supplement Bar
skin-laundry,Skin Laundry
skinfix,Skinfix
skinfood,skinfood
skylar,SKYLAR
sleek-makeup,Sleek MakeUP
slice,Slice
slip,Slip
smashbox,Smashbox
smith-cosmetics,Smith Cosmetics
soap-and-glory,Soap and Glory
sobel-skin-rx,SOBEL SKIN Rx
sol-de-janeiro,Sol de Janeiro
sonia-kashuk,Sonia Kashuk
sorme,Sorme
sparitual,SpaRitual
st-tropez,St. Tropez
stackedskincare,StackedSkincare
stellar,STELLAR
stila,stila
studio-gear,Studio Gear
suave,Suave
sugarpill,Sugarpill
sulwhasoo,Sulwhasoo
summer-fridays,Summer Fridays
sunday-riley,SUNDAY RILEY
supergoop-,Supergoop!
suqqu,Suqqu
surratt-beauty,Surratt Beauty
t-leclerc,T. LeClerc
t3,T3
tan-luxe,TAN-LUXE
tarina-tarantino,Tarina Tarantino
tarte,tarte
taste-beauty,Taste Beauty
tata-harper,Tata Harper
tatcha,Tatcha
temptu,Temptu
the-7-virtues,The 7 Virtues
the-art-of-shaving,The Art of Shaving
the-beauty-chef,The Beauty Chef
the-body-shop,The Body Shop
the-estee-edit,The Estee Edit
the-face-shop,The Face Shop
the-inkey-list,The INKEY List
the-ordinary,The Ordinary
thebalm,theBalm
thierry-mugler,Thierry Mugler
three-custom-color,Three Custom Color
tigi-bed-head,TIGI Bed Head
tocca,TOCCA
together-beauty,Together Beauty
tokyomilk,TokyoMilk
tom-ford,TOM FORD
tom-ford-beauty,Tom Ford Beauty
too-cool-for-school,Too Cool For School
too-faced,Too Faced
tory-burch,Tory Burch
tory-burch-beauty,Tory Burch Beauty
touch-in-sol,Touch In Sol
tower-28-beauty,Tower 28 Beauty
tresemme,TRESemme
trish-mcevoy,Trish McEvoy
trèstique,trèStiQue
tweezerman,Tweezerman
ulta,Ulta
urban-decay,Urban Decay
valentino,Valentino
vapour-beauty,Vapour Beauty
vaseline,Vaseline
vdl,VDL
velour-lashes,Velour Lashes
verb,Verb
versace,Versace
vichy,Vichy
victorias-secret,Victoria's Secret
viktorrolf,Viktor&Rolf
vincent-longo,Vincent Longo
violet-voss,Violet Voss
virtue,Virtue
viseart,Viseart
vital-proteins,Vital Proteins
vitruvi,Vitruvi
vmv-hypoallergenics,VMV Hypoallergenics
volition-beauty,Volition Beauty
voluspa,VOLUSPA
wander-beauty,Wander Beauty
wayne-goss,Wayne Goss
wei,WEI
welleco,WelleCo
wet-n-wild,Wet 'n' Wild
wild-and-crazy,Wild and Crazy
winky-lux,Winky Lux
wishful,Wishful
ybf,YBF
yes-to-carrots,Yes to Carrots
youngblood,Youngblood
youth-to-the-people,Youth To The People
ysl,YSL
yuni,YUNI
yves-rocher,Yves Rocher
yves-saint-laurent,Yves Saint Laurent
z-palette,Z Palette
za,ZA
zelens,Zelens
zoeva,Zoeva
zoya,Zoya